{
  "hash": "27278654",
  "configHash": "d72e40dc",
  "lockfileHash": "869bace6",
  "browserHash": "1d3bea7e",
  "optimized": {
    "@angular/common": {
      "src": "../../../../../../node_modules/@angular/common/fesm2022/common.mjs",
      "file": "@angular_common.js",
      "fileHash": "44889f93",
      "needsInterop": false
    },
    "@angular/common/http": {
      "src": "../../../../../../node_modules/@angular/common/fesm2022/http.mjs",
      "file": "@angular_common_http.js",
      "fileHash": "d70d5833",
      "needsInterop": false
    },
    "@angular/core": {
      "src": "../../../../../../node_modules/@angular/core/fesm2022/core.mjs",
      "file": "@angular_core.js",
      "fileHash": "832e5acf",
      "needsInterop": false
    },
    "@angular/forms": {
      "src": "../../../../../../node_modules/@angular/forms/fesm2022/forms.mjs",
      "file": "@angular_forms.js",
      "fileHash": "5e8f35a7",
      "needsInterop": false
    },
    "@angular/platform-browser": {
      "src": "../../../../../../node_modules/@angular/platform-browser/fesm2022/platform-browser.mjs",
      "file": "@angular_platform-browser.js",
      "fileHash": "0fc8eec2",
      "needsInterop": false
    },
    "@angular/router": {
      "src": "../../../../../../node_modules/@angular/router/fesm2022/router.mjs",
      "file": "@angular_router.js",
      "fileHash": "473a21b5",
      "needsInterop": false
    },
    "@ionic/angular": {
      "src": "../../../../../../node_modules/@ionic/angular/fesm2022/ionic-angular.mjs",
      "file": "@ionic_angular.js",
      "fileHash": "e96d7cd8",
      "needsInterop": false
    },
    "@ionic/angular/standalone": {
      "src": "../../../../../../node_modules/@ionic/angular/fesm2022/ionic-angular-standalone.mjs",
      "file": "@ionic_angular_standalone.js",
      "fileHash": "2a896abc",
      "needsInterop": false
    },
    "rxjs": {
      "src": "../../../../../../node_modules/rxjs/dist/esm5/index.js",
      "file": "rxjs.js",
      "fileHash": "07d658a8",
      "needsInterop": false
    },
    "rxjs/operators": {
      "src": "../../../../../../node_modules/rxjs/dist/esm5/operators/index.js",
      "file": "rxjs_operators.js",
      "fileHash": "4c1950b8",
      "needsInterop": false
    }
  },
  "chunks": {
    "core-js-UR6QH4NU": {
      "file": "core-js-UR6QH4NU.js"
    },
    "keyboard2-USZOTB33": {
      "file": "keyboard2-USZOTB33.js"
    },
    "index9-2C5EMTSY": {
      "file": "index9-2C5EMTSY.js"
    },
    "status-tap-XJMXWETM": {
      "file": "status-tap-XJMXWETM.js"
    },
    "input-shims-DKRAXPZW": {
      "file": "input-shims-DKRAXPZW.js"
    },
    "focus-visible-RAFDA6YZ": {
      "file": "focus-visible-RAFDA6YZ.js"
    },
    "ios.transition-4047cb68-A5DVBHW3": {
      "file": "ios__transition-4047cb68-A5DVBHW3.js"
    },
    "md.transition-30ce8d1b-JEGYBGVU": {
      "file": "md__transition-30ce8d1b-JEGYBGVU.js"
    },
    "dom-3FHNNQ6P": {
      "file": "dom-3FHNNQ6P.js"
    },
    "shadow-css-KQBFNRGS": {
      "file": "shadow-css-KQBFNRGS.js"
    },
    "ios.transition-ELHTW3IQ": {
      "file": "ios__transition-ELHTW3IQ.js"
    },
    "md.transition-KSK7AJVA": {
      "file": "md__transition-KSK7AJVA.js"
    },
    "index3-VXTLLDIH": {
      "file": "index3-VXTLLDIH.js"
    },
    "hardware-back-button-4ABOUA43": {
      "file": "hardware-back-button-4ABOUA43.js"
    },
    "swipe-back-S4RSTOIW": {
      "file": "swipe-back-S4RSTOIW.js"
    },
    "chunk-YYDXBVMM": {
      "file": "chunk-YYDXBVMM.js"
    },
    "chunk-2JEBYUUE": {
      "file": "chunk-2JEBYUUE.js"
    },
    "chunk-KTF5IVP7": {
      "file": "chunk-KTF5IVP7.js"
    },
    "chunk-7Q5HCUSL": {
      "file": "chunk-7Q5HCUSL.js"
    },
    "chunk-EUT5B6DW": {
      "file": "chunk-EUT5B6DW.js"
    },
    "chunk-HV7BMKCE": {
      "file": "chunk-HV7BMKCE.js"
    },
    "chunk-RHG7RFIU": {
      "file": "chunk-RHG7RFIU.js"
    },
    "chunk-3J4LGGM5": {
      "file": "chunk-3J4LGGM5.js"
    },
    "chunk-UHMQ56NS": {
      "file": "chunk-UHMQ56NS.js"
    },
    "chunk-KFNAQVYY": {
      "file": "chunk-KFNAQVYY.js"
    },
    "chunk-ANU3AEU6": {
      "file": "chunk-ANU3AEU6.js"
    },
    "chunk-7PGLFGPW": {
      "file": "chunk-7PGLFGPW.js"
    },
    "chunk-3NV52GLI": {
      "file": "chunk-3NV52GLI.js"
    },
    "chunk-RLWKXT3T": {
      "file": "chunk-RLWKXT3T.js"
    },
    "chunk-VHXHNOM7": {
      "file": "chunk-VHXHNOM7.js"
    },
    "chunk-CJ5MJUPJ": {
      "file": "chunk-CJ5MJUPJ.js"
    },
    "chunk-L6BHBXTE": {
      "file": "chunk-L6BHBXTE.js"
    },
    "chunk-4AF7KAXZ": {
      "file": "chunk-4AF7KAXZ.js"
    },
    "chunk-ZWBDDU4U": {
      "file": "chunk-ZWBDDU4U.js"
    },
    "chunk-ZSOE6HSE": {
      "file": "chunk-ZSOE6HSE.js"
    },
    "chunk-RNONSXGH": {
      "file": "chunk-RNONSXGH.js"
    },
    "chunk-UO3JPC6K": {
      "file": "chunk-UO3JPC6K.js"
    },
    "chunk-N64RNZBQ": {
      "file": "chunk-N64RNZBQ.js"
    },
    "chunk-5LC6LDS7": {
      "file": "chunk-5LC6LDS7.js"
    },
    "chunk-YIVMRS72": {
      "file": "chunk-YIVMRS72.js"
    },
    "chunk-XYJ3Z5FP": {
      "file": "chunk-XYJ3Z5FP.js"
    },
    "chunk-NZN5AKWE": {
      "file": "chunk-NZN5AKWE.js"
    },
    "chunk-HEDKW4S6": {
      "file": "chunk-HEDKW4S6.js"
    },
    "chunk-7IZRYL2Z": {
      "file": "chunk-7IZRYL2Z.js"
    },
    "chunk-ZVATTXSA": {
      "file": "chunk-ZVATTXSA.js"
    }
  }
}